"999","john","doe"
"999","john","doe"
"999","john","doe"
"999","john","doe"
"999","john","doe"
"999","john","doe"
"999","john","doe"
"999","john","doe"
"999","john","doe"
"999","john","doe"
"999","john","doe"
"999","john","doe"
"999","john","doe"
"999","john","doe"
"999","john","doe"
"999","john","doe"
"999","john","doe"
"999","john","doe"
"999","john","doe"
"999","john","doe"
"999","john","doe"
"999","john","doe"
"999","john","doe"
"999","john","doe"
"999","john","doe"
"999","john","doe"
"999","john","doe"
"999","john","doe"
"999","john","doe"
"999","john","doe"
"999","john","doe"
"999","john","doe"
"999","john","doe"
"999","john","doe"
"999","john","doe"
"999","john","doe"
"999","john","doe"
"999","john","doe"
"12334","john","doe"
"12334","john","doe"
"12334","john","doe"
"12334","john","doe"
"12334","john","doe"
"12334","john","doe"
"12334","john","doe"
"12334","john","doe"
"12334","john","doe"
"12334","john","doe"
"12334","john","doe"
"12334","john","doe"
"12334","john","doe"
"12334","john","doe"
"12334","john","doe"
"12334","john","doe"
"12334","john","doe"
"12334","john","doe"
"12334","john","doe"
"12334","john","doe"
"12334","john","doe"
"12334","john","doe"
"12334","john","doe"
"12334","john","doe"
"12334","john","doe"
"12334","john","doe"
"12334","john","doe"
"12334","john","doe"
"12334","john","doe"
"12334","john","doe"
"12334","john","doe"
"12334","john","doe"
"12334","john","doe"
"12334","john","doe"
"12334","john","doe"
"12334","john","doe"
"12334","john","doe"
"12334","john","doe"
"12334","john","doe"
"12334","john","doe"
"12334","john","doe"
"12334","john","doe"
"12334","john","doe"
"12334","john","doe"
"12334","john","doe"
"12334","john","doe"
"12334","john","doe"
"12334","john","doe"
"12334","john","doe"
"12334","john","doe"
"12334","john","doe"
"12334","john","doe"
"12334","john","doe"
"12334","john","doe"
"12334","john","doe"
"12334","john","doe"
"12334","john","doe"
"12334","john","doe"
"12334","john","doe"
"12334","john","doe"
"12334","john","doe"
"12334","john","doe"
"12334","john","doe"
"12334","john","doe"
"12334","john","doe"
"12334","john","doe"
"12334","john","doe"
"12334","john","doe"
"12334","john","doe"
"12334","john","doe"
"12334","john","doe"
"12334","john","doe"
"12334","john","doe"
"12334","john","doe"
"12334","john","doe"
"12334","john","doe"
"12334","john","doe"
"12334","john","doe"
"12334","john","doe"
"12334","john","doe"
"12334","john","doe"
"12334","john","doe"
"12334","john","doe"
"12334","john","doe"
"12334","john","doe"
"12334","john","doe"
"12334","john","doe"
"12334","john","doe"
"12334","john","doe"
"12334","john","doe"
"12334","john","doe"
"12334","john","doe"
"12334","john","doe"
"12334","john","doe"
"12334","john","doe"
"12334","john","doe"
"12334","john","doe"
"12334","john","doe"
"12334","john","doe"
"12334","john","doe"
"12334","john","doe"
"12334","john","doe"
"12334","john","doe"
"12334","john","doe"
"12334","john","doe"
"12334","john","doe"
"12334","john","doe"
"12334","john","doe"
"12334","john","doe"
"12334","john","doe"
"12334","john","doe"
"12334","john","doe"
"12334","john","doe"
"12334","john","doe"
"12334","john","doe"
"12334","john","doe"
"12334","john","doe"
"12334","john","doe"
"12334","john","doe"
"12334","john","doe"
"12334","john","doe"
"12334","john","doe"
"12334","john","doe"
"12334","john","doe"
"12334","john","doe"
"12334","john","doe"
"12334","john","doe"
"12334","john","doe"
"12334","john","doe"
"12334","john","doe"
"12334","john","doe"
"12334","john","doe"
"12334","john","doe"
"12334","john","doe"
"12334","john","doe"
"12334","john","doe"
"12334","john","doe"
"12334","john","doe"
"12334","john","doe"
"12334","john","doe"
"12334","john","doe"
"12334","john","doe"
"12334","john","doe"
"12334","john","doe"
"12334","john","doe"
"12334","john","doe"
"12334","john","doe"
"12334","john","doe"
"12334","john","doe"
"12334","john","doe"
"12334","john","doe"
"12334","john","doe"
"12334","john","doe"
"12334","john","doe"
"12334","john","doe"
"12334","john","doe"
"12334","john","doe"
"12334","john","doe"
"12334","john","doe"
"12334","john","doe"
"12334","john","doe"
"12334","john","doe"
"12334","john","doe"
"12334","john","doe"
"12334","john","doe"
"12334","john","doe"
"12334","john","doe"
"12334","john","doe"
"12334","john","doe"
"12334","john","doe"
"12334","john","doe"
"12334","john","doe"
"12334","john","doe"
"12334","john","doe"
"12334","john","doe"
"12334","john","doe"
"12334","john","doe"
"12334","john","doe"
"12334","john","doe"
"12334","john","doe"
"12334","john","doe"
"12334","john","doe"
"12334","john","doe"
"12334","john","doe"
"12334","john","doe"
"12334","john","doe"
"12334","john","doe"
"12334","john","doe"
"12334","john","doe"
"12334","john","doe"
"12334","john","doe"
"12334","john","doe"
"12334","john","doe"
"12334","john","doe"
"12334","john","doe"
"12334","john","doe"
"12334","john","doe"
"12334","john","doe"
"12334","john","doe"
"12334","john","doe"
"12334","john","doe"
"12334","john","doe"
"12334","john","doe"
"12334","john","doe"
"12334","john","doe"
"12334","john","doe"
"12334","john","doe"
"12334","john","doe"
"12334","john","doe"
"12334","john","doe"
"12334","john","doe"
"12334","john","doe"
"12334","john","doe"
"12334","john","doe"
"12334","john","doe"
"12334","john","doe"
"12334","john","doe"
"12334","john","doe"
"12334","john","doe"
"12334","john","doe"
"12334","john","doe"
"12334","john","doe"
"12334","john","doe"
"12334","john","doe"
"12334","john","doe"
"12334","john","doe"
"12334","john","doe"
"12334","john","doe"
"12334","john","doe"
"12334","john","doe"
"12334","john","doe"
"12334","john","doe"
"12334","john","doe"
"12334","john","doe"
"12334","john","doe"
"12334","john","doe"
"12334","john","doe"
"12334","john","doe"
"12334","john","doe"
"12334","john","doe"
"12334","john","doe"
"12334","john","doe"
"12334","john","doe"
"12334","john","doe"
"12334","john","doe"
"12334","john","doe"
"12334","john","doe"
"12334","john","doe"
"12334","john","doe"
"12334","john","doe"
"12334","john","doe"
"12334","john","doe"
"12334","john","doe"
"12334","john","doe"
"12334","john","doe"
"12334","john","doe"
"12334","john","doe"
"12334","john","doe"
"12334","john","doe"
"12334","john","doe"
"12334","john","doe"
"12334","john","doe"
"12334","john","doe"
"12334","john","doe"
"12334","john","doe"
"12334","john","doe"
"12334","john","doe"
"12334","john","doe"
"12334","john","doe"
"12334","john","doe"
"12334","john","doe"
"12334","john","doe"
"12334","john","doe"
"12334","john","doe"
"12334","john","doe"
"12334","john","doe"
"12334","john","doe"
"12334","john","doe"
"12334","john","doe"
"12334","john","doe"
"12334","john","doe"
"12334","john","doe"
"12334","john","doe"
"12334","john","doe"
"12334","john","doe"
"12334","john","doe"
"12334","john","doe"
"12334","john","doe"
"12334","john","doe"
"12334","john","doe"
"12334","john","doe"
"12334","john","doe"
"12334","john","doe"
"12334","john","doe"
"12334","john","doe"
"12334","john","doe"
"12334","john","doe"
"12334","john","doe"
"12334","john","doe"
"12334","john","doe"
"12334","john","doe"
"12334","john","doe"
"12334","john","doe"
"12334","john","doe"
"12334","john","doe"
"12334","john","doe"
"12334","john","doe"
"12334","john","doe"
"12334","john","doe"
"12334","john","doe"
"12334","john","doe"
"12334","john","doe"
"12334","john","doe"
"12334","john","doe"
"12334","john","doe"
"12334","john","doe"
"12334","john","doe"
"12334","john","doe"
"12334","john","doe"
"12334","john","doe"
"12334","john","doe"
"12334","john","doe"
"12334","john","doe"
"12334","john","doe"
"12334","john","doe"
"12334","john","doe"
"12334","john","doe"
"12334","john","doe"
"12334","john","doe"
"12334","john","doe"
"12334","john","doe"
"12334","john","doe"
"12334","john","doe"
"12334","john","doe"
"12334","john","doe"
"12334","john","doe"
"12334","john","doe"
"12334","john","doe"
"12334","john","doe"
"12334","john","doe"
"12334","john","doe"
"12334","john","doe"
"12334","john","doe"
"12334","john","doe"
"12334","john","doe"
"12334","john","doe"
"12334","john","doe"
"12334","john","doe"
"12334","john","doe"
"12334","john","doe"
"12334","john","doe"
"12334","john","doe"
"12334","john","doe"
"12334","john","doe"
"12334","john","doe"
"12334","john","doe"
"12334","john","doe"
"12334","john","doe"
"12334","john","doe"
"12334","john","doe"
"12334","john","doe"
"12334","john","doe"
"12334","john","doe"
"12334","john","doe"
"12334","john","doe"
"12334","john","doe"
"12334","john","doe"
"12334","john","doe"
"12334","john","doe"
"12334","john","doe"
"12334","john","doe"
"12334","john","doe"
"12334","john","doe"
"12334","john","doe"
"12334","john","doe"
"12334","john","doe"
"12334","john","doe"
"12334","john","doe"
"12334","john","doe"
"12334","john","doe"
"12334","john","doe"
"12334","john","doe"
"12334","john","doe"
"12334","john","doe"
"12334","john","doe"
"12334","john","doe"
"12334","john","doe"
"12334","john","doe"
"12334","john","doe"
"12334","john","doe"
"12334","john","doe"
"12334","john","doe"
"12334","john","doe"
"12334","john","doe"
"12334","john","doe"
"12334","john","doe"
"12334","john","doe"
"12334","john","doe"
"12334","john","doe"
"12334","john","doe"
"12334","john","doe"
"12334","john","doe"
"12334","john","doe"
"12334","john","doe"
"12334","john","doe"
"12334","john","doe"
"12334","john","doe"
"12334","john","doe"
"12334","john","doe"
"12334","john","doe"
"12334","john","doe"
"12334","john","doe"
"12334","john","doe"
"12334","john","doe"
"12334","john","doe"
"12334","john","doe"
"12334","john","doe"
"12334","john","doe"
"12334","john","doe"
"12334","john","doe"
"12334","john","doe"
"12334","john","doe"
"12334","john","doe"
"12334","john","doe"
"12334","john","doe"
"12334","john","doe"
"12334","john","doe"
"12334","john","doe"
"12334","john","doe"
"12334","john","doe"
"12334","john","doe"
"12334","john","doe"
"12334","john","doe"
"12334","john","doe"
"12334","john","doe"
"12334","john","doe"
"12334","john","doe"
"12334","john","doe"
"12334","john","doe"
"12334","john","doe"
"12334","john","doe"
"12334","john","doe"
"12334","john","doe"
"12334","john","doe"
"12334","john","doe"
"12334","john","doe"
"12334","john","doe"
"12334","john","doe"
"12334","john","doe"
"12334","john","doe"
"12334","john","doe"
"12334","john","doe"
"12334","john","doe"
"12334","john","doe"
"12334","john","doe"
"12334","john","doe"
"12334","john","doe"
"12334","john","doe"
"12334","john","doe"
"12334","john","doe"
"12334","john","doe"
"12334","john","doe"
"12334","john","doe"
"12334","john","doe"
"12334","john","doe"
"12334","john","doe"
"12334","john","doe"
"12334","john","doe"
"12334","john","doe"
"12334","john","doe"
"12334","john","doe"
"12334","john","doe"
"12334","john","doe"
"12334","john","doe"
"12334","john","doe"
"12334","john","doe"
"12334","john","doe"
"12334","john","doe"
"12334","john","doe"
"12334","john","doe"
"12334","john","doe"
"12334","john","doe"
"12334","john","doe"
"12334","john","doe"
"12334","john","doe"
"12334","john","doe"
"12334","john","doe"
"12334","john","doe"
"12334","john","doe"
"12334","john","doe"
"12334","john","doe"
"12334","john","doe"
"12334","john","doe"
"12334","john","doe"
"12334","john","doe"
"12334","john","doe"
"12334","john","doe"
"12334","john","doe"
"12334","john","doe"
"12334","john","doe"
"12334","john","doe"
"12334","john","doe"
"12334","john","doe"
"12334","john","doe"
"12334","john","doe"
"12334","john","doe"
"12334","john","doe"
"12334","john","doe"
"12334","john","doe"
"12334","john","doe"
"12334","john","doe"
"12334","john","doe"
"12334","john","doe"
"12334","john","doe"
"12334","john","doe"
"12334","john","doe"
"12334","john","doe"
"12334","john","doe"
"12334","john","doe"
"12334","john","doe"
"12334","john","doe"
"12334","john","doe"
"12334","john","doe"
"12334","john","doe"
"12334","john","doe"
"12334","john","doe"
"12334","john","doe"
"12334","john","doe"
"12334","john","doe"
"12334","john","doe"
"12334","john","doe"
"12334","john","doe"
"12334","john","doe"
"12334","john","doe"
"12334","john","doe"
"12334","john","doe"
"12334","john","doe"
"12334","john","doe"
"12334","john","doe"
"12334","john","doe"
"12334","john","doe"
"12334","john","doe"
"12334","john","doe"
"12334","john","doe"
"12334","john","doe"
"12334","john","doe"
"12334","john","doe"
"12334","john","doe"
"12334","john","doe"
"12334","john","doe"
"12334","john","doe"
"12334","john","doe"
"12334","john","doe"
"12334","john","doe"
"12334","john","doe"
"12334","john","doe"
"12334","john","doe"
"12334","john","doe"
"12334","john","doe"
"12334","john","doe"
"12334","john","doe"
"12334","john","doe"
"12334","john","doe"
"12334","john","doe"
"12334","john","doe"
"12334","john","doe"
"12334","john","doe"
"12334","john","doe"
"12334","john","doe"
"12334","john","doe"
"12334","john","doe"
"12334","john","doe"
"12334","john","doe"
"12334","john","doe"
"12334","john","doe"
"12334","john","doe"
"12334","john","doe"
"12334","john","doe"
"12334","john","doe"
"12334","john","doe"
"12334","john","doe"
"12334","john","doe"
"12334","john","doe"
"12334","john","doe"
"12334","john","doe"
"12334","john","doe"
"12334","john","doe"
"12334","john","doe"
"12334","john","doe"
"12334","john","doe"
"12334","john","doe"
"12334","john","doe"
"12334","john","doe"
"12334","john","doe"
"12334","john","doe"
"12334","john","doe"
"12334","john","doe"
"12334","john","doe"
"12334","john","doe"
"12334","john","doe"
"12334","john","doe"
"12334","john","doe"
"12334","john","doe"
"12334","john","doe"
"12334","john","doe"
"12334","john","doe"
"12334","john","doe"
"12334","john","doe"
"12334","john","doe"
"12334","john","doe"
"12334","john","doe"
"12334","john","doe"
"12334","john","doe"
"12334","john","doe"
"12334","john","doe"
"12334","john","doe"
"12334","john","doe"
"12334","john","doe"
"12334","john","doe"
"12334","john","doe"
"12334","john","doe"
"12334","john","doe"
"12334","john","doe"
"12334","john","doe"
"12334","john","doe"
"12334","john","doe"
"12334","john","doe"
"12334","john","doe"
"12334","john","doe"
"12334","john","doe"
"12334","john","doe"
"12334","john","doe"
"12334","john","doe"
"12334","john","doe"
"12334","john","doe"
"12334","john","doe"
"12334","john","doe"
"12334","john","doe"
"12334","john","doe"
"12334","john","doe"
"12334","john","doe"
"12334","john","doe"
"12334","john","doe"
"12334","john","doe"
"12334","john","doe"
"12334","john","doe"
"12334","john","doe"
"12334","john","doe"
"12334","john","doe"
"12334","john","doe"
"12334","john","doe"
"12334","john","doe"
"12334","john","doe"
"12334","john","doe"
"12334","john","doe"
"12334","john","doe"
"12334","john","doe"
"12334","john","doe"
"12334","john","doe"
"12334","john","doe"
"12334","john","doe"
"12334","john","doe"
"12334","john","doe"
"12334","john","doe"
"12334","john","doe"
"12334","john","doe"
"12334","john","doe"
"12334","john","doe"
"12334","john","doe"
"12334","john","doe"
"12334","john","doe"
"12334","john","doe"
"12334","john","doe"
"12334","john","doe"
"12334","john","doe"
"12334","john","doe"
"12334","john","doe"
"12334","john","doe"
"12334","john","doe"
"12334","john","doe"
"12334","john","doe"
"12334","john","doe"
"12334","john","doe"
"12334","john","doe"
"12334","john","doe"
"12334","john","doe"
"12334","john","doe"
"12334","john","doe"
"12334","john","doe"
"12334","john","doe"
"12334","john","doe"
"12334","john","doe"
"12334","john","doe"
"12334","john","doe"
"12334","john","doe"
"12334","john","doe"
"12334","john","doe"
"12334","john","doe"
"12334","john","doe"
"12334","john","doe"
"12334","john","doe"
"12334","john","doe"
"12334","john","doe"
"12334","john","doe"
"12334","john","doe"
"12334","john","doe"
"12334","john","doe"
"12334","john","doe"
"12334","john","doe"
"12334","john","doe"
"12334","john","doe"
"12334","john","doe"
"12334","john","doe"
"12334","john","doe"
"12334","john","doe"
"12334","john","doe"
"12334","john","doe"
"12334","john","doe"
"12334","john","doe"
"12334","john","doe"
"12334","john","doe"
"12334","john","doe"
"12334","john","doe"
"12334","john","doe"
"12334","john","doe"
"12334","john","doe"
"12334","john","doe"
"12334","john","doe"
"12334","john","doe"
"12334","john","doe"
"12334","john","doe"
"12334","john","doe"
"12334","john","doe"
"12334","john","doe"
"12334","john","doe"
"12334","john","doe"
"12334","john","doe"
"12334","john","doe"
"12334","john","doe"
"12334","john","doe"
"12334","john","doe"
"12334","john","doe"
"12334","john","doe"
"12334","john","doe"
"12334","john","doe"
"12334","john","doe"
"12334","john","doe"
"12334","john","doe"
"12334","john","doe"
"12334","john","doe"
"12334","john","doe"
"12334","john","doe"
"12334","john","doe"
"12334","john","doe"
"12334","john","doe"
"12334","john","doe"
"12334","john","doe"
"12334","john","doe"
"12334","john","doe"
"12334","john","doe"
"12334","john","doe"
"12334","john","doe"
"12334","john","doe"
"12334","john","doe"
"12334","john","doe"
"12334","john","doe"
"12334","john","doe"
"12334","john","doe"
"12334","john","doe"
"12334","john","doe"
"12334","john","doe"
"12334","john","doe"
"12334","john","doe"
"12334","john","doe"
"12334","john","doe"
"12334","john","doe"
"12334","john","doe"
"12334","john","doe"
"12334","john","doe"
"12334","john","doe"
"12334","john","doe"
"12334","john","doe"
"12334","john","doe"
"12334","john","doe"
"12334","john","doe"
"12334","john","doe"
"12334","john","doe"
"12334","john","doe"
"12334","john","doe"
"12334","john","doe"
"12334","john","doe"
"12334","john","doe"
"12334","john","doe"
"12334","john","doe"
"12334","john","doe"
"12334","john","doe"
"12334","john","doe"
"12334","john","doe"
"12334","john","doe"
"12334","john","doe"
"12334","john","doe"
"12334","john","doe"
"12334","john","doe"
"12334","john","doe"
"12334","john","doe"
"12334","john","doe"
"12334","john","doe"
"12334","john","doe"
"12334","john","doe"
"12334","john","doe"
"12334","john","doe"
"12334","john","doe"
"12334","john","doe"
"12334","john","doe"
"12334","john","doe"
"12334","john","doe"
"12334","john","doe"
"12334","john","doe"
"12334","john","doe"
"12334","john","doe"
"12334","john","doe"
"12334","john","doe"
"12334","john","doe"
"12334","john","doe"
"12334","john","doe"
"12334","john","doe"
"12334","john","doe"
"12334","john","doe"
"12334","john","doe"
"12334","john","doe"
"12334","john","doe"
"12334","john","doe"
"12334","john","doe"
"12334","john","doe"
"12334","john","doe"
"12334","john","doe"
"12334","john","doe"
"12334","john","doe"
"12334","john","doe"
"12334","john","doe"
"12334","john","doe"
"12334","john","doe"
"12334","john","doe"
"12334","john","doe"
"12334","john","doe"
"12334","john","doe"
"12334","john","doe"
"12334","john","doe"
"12334","john","doe"
"12334","john","doe"
"12334","john","doe"
"12334","john","doe"
"12334","john","doe"
"12334","john","doe"
"12334","john","doe"
"12334","john","doe"
"12334","john","doe"
"12334","john","doe"
"12334","john","doe"
"12334","john","doe"
"12334","john","doe"
"12334","john","doe"
"12334","john","doe"
"12334","john","doe"
"12334","john","doe"
"12334","john","doe"
"12334","john","doe"
"12334","john","doe"
"12334","john","doe"
"12334","john","doe"
"12334","john","doe"
"12334","john","doe"
"12334","john","doe"
"12334","john","doe"
"12334","john","doe"
"12334","john","doe"
"12334","john","doe"
"12334","john","doe"
"12334","john","doe"
"12334","john","doe"
"12334","john","doe"
"12334","john","doe"
"12334","john","doe"
"12334","john","doe"
"12334","john","doe"
"12334","john","doe"
"12334","john","doe"
"12334","john","doe"
"12334","john","doe"
"12334","john","doe"
"12334","john","doe"
"12334","john","doe"
"12334","john","doe"
"12334","john","doe"
"12334","john","doe"
"12334","john","doe"
"12334","john","doe"
"12334","john","doe"
"12334","john","doe"
"12334","john","doe"
"12334","john","doe"
"12334","john","doe"
"12334","john","doe"
"12334","john","doe"
"12334","john","doe"
"12334","john","doe"
"12334","john","doe"
"12334","john","doe"
"12334","john","doe"
"12334","john","doe"
"12334","john","doe"
"12334","john","doe"
"12334","john","doe"
"12334","john","doe"
"12334","john","doe"
"12334","john","doe"
"12334","john","doe"
"12334","john","doe"
"12334","john","doe"
"12334","john","doe"
"12334","john","doe"
"12334","john","doe"
"12334","john","doe"
"12334","john","doe"
"12334","john","doe"
"12334","john","doe"
"12334","john","doe"
"12334","john","doe"
"12334","john","doe"
"12334","john","doe"
"12334","john","doe"
"12334","john","doe"
"12334","john","doe"
"12334","john","doe"
"12334","john","doe"
"12334","john","doe"
"12334","john","doe"
"12334","john","doe"
"12334","john","doe"
"12334","john","doe"
"12334","john","doe"
"12334","john","doe"
"12334","john","doe"
"12334","john","doe"
"12334","john","doe"
"12334","john","doe"
"12334","john","doe"
"12334","john","doe"
"12334","john","doe"
"12334","john","doe"
"12334","john","doe"
"12334","john","doe"
"12334","john","doe"
"12334","john","doe"
"12334","john","doe"
"12334","john","doe"
"12334","john","doe"
"12334","john","doe"
"12334","john","doe"
"12334","john","doe"
"12334","john","doe"
"12334","john","doe"
"12334","john","doe"
"12334","john","doe"
"12334","john","doe"
"12334","john","doe"
"12334","john","doe"
"12334","john","doe"
"12334","john","doe"
"12334","john","doe"
"12334","john","doe"
"12334","john","doe"
"12334","john","doe"
"12334","john","doe"
"12334","john","doe"
"12334","john","doe"
"12334","john","doe"
"12334","john","doe"
"12334","john","doe"
"12334","john","doe"
"12334","john","doe"
"12334","john","doe"
"12334","john","doe"
"12334","john","doe"
"12334","john","doe"
"12334","john","doe"
"12334","john","doe"
"12334","john","doe"
"12334","john","doe"
"12334","john","doe"
"12334","john","doe"
"12334","john","doe"
"12334","john","doe"
"12334","john","doe"
"12334","john","doe"
"12334","john","doe"
"12334","john","doe"
"12334","john","doe"
"12334","john","doe"
"12334","john","doe"
"12334","john","doe"
"12334","john","doe"
"12334","john","doe"
"12334","john","doe"
"12334","john","doe"
"12334","john","doe"
"12334","john","doe"
"12334","john","doe"
"12334","john","doe"
"12334","john","doe"
"12334","john","doe"
"12334","john","doe"
"12334","john","doe"
"12334","john","doe"
"12334","john","doe"
"12334","john","doe"
"12334","john","doe"
"12334","john","doe"
"12334","john","doe"
"12334","john","doe"
"12334","john","doe"
"12334","john","doe"
"12334","john","doe"
"12334","john","doe"
"12334","john","doe"
"12334","john","doe"
"12334","john","doe"
"12334","john","doe"
"12334","john","doe"
"12334","john","doe"
"12334","john","doe"
"12334","john","doe"
"12334","john","doe"
"12334","john","doe"
"12334","john","doe"
"12334","john","doe"
"12334","john","doe"
"12334","john","doe"
"12334","john","doe"
"12334","john","doe"
"12334","john","doe"
"12334","john","doe"
"12334","john","doe"
"12334","john","doe"
"12334","john","doe"
"12334","john","doe"
"12334","john","doe"
"12334","john","doe"
"12334","john","doe"
"12334","john","doe"
"12334","john","doe"
"12334","john","doe"
"12334","john","doe"
"12334","john","doe"
"12334","john","doe"
"12334","john","doe"
"12334","john","doe"
"12334","john","doe"
"12334","john","doe"
"12334","john","doe"
"12334","john","doe"
"12334","john","doe"
"12334","john","doe"
"12334","john","doe"
"12334","john","doe"
"12334","john","doe"
"12334","john","doe"
"12334","john","doe"
"12334","john","doe"
"12334","john","doe"
"12334","john","doe"
"12334","john","doe"
"12334","john","doe"
"12334","john","doe"
"12334","john","doe"
"12334","john","doe"
"12334","john","doe"
"12334","john","doe"
"12334","john","doe"
"12334","john","doe"
"12334","john","doe"
"12334","john","doe"
"12334","john","doe"
"12334","john","doe"
"12334","john","doe"
"12334","john","doe"
"12334","john","doe"
"12334","john","doe"
"12334","john","doe"
"12334","john","doe"
"12334","john","doe"
"12334","john","doe"
"12334","john","doe"
"12334","john","doe"
"12334","john","doe"
"12334","john","doe"
"12334","john","doe"
"12334","john","doe"
"12334","john","doe"
"12334","john","doe"
"12334","john","doe"
"12334","john","doe"
"12334","john","doe"
"12334","john","doe"
"12334","john","doe"
"12334","john","doe"
"12334","john","doe"
"12334","john","doe"
"12334","john","doe"
"12334","john","doe"
"12334","john","doe"
"12334","john","doe"
"12334","john","doe"
"12334","john","doe"
"12334","john","doe"
"12334","john","doe"
"12334","john","doe"
"12334","john","doe"
"12334","john","doe"
"12334","john","doe"
"12334","john","doe"
"12334","john","doe"
"12334","john","doe"
"12334","john","doe"
"12334","john","doe"
"12334","john","doe"
"12334","john","doe"
"12334","john","doe"
"12334","john","doe"
"12334","john","doe"
"12334","john","doe"
"12334","john","doe"
"12334","john","doe"
"12334","john","doe"
"12334","john","doe"
"12334","john","doe"
"12334","john","doe"
"12334","john","doe"
"12334","john","doe"
"12334","john","doe"
"12334","john","doe"
"12334","john","doe"
"12334","john","doe"
"12334","john","doe"
"12334","john","doe"
"12334","john","doe"
"12334","john","doe"
"12334","john","doe"
"12334","john","doe"
"12334","john","doe"
"12334","john","doe"
"12334","john","doe"
"12334","john","doe"
"12334","john","doe"
"12334","john","doe"
"12334","john","doe"
"12334","john","doe"
"12334","john","doe"
"12334","john","doe"
"12334","john","doe"
"12334","john","doe"
"12334","john","doe"
"12334","john","doe"
"12334","john","doe"
"12334","john","doe"
"12334","john","doe"
"12334","john","doe"
"12334","john","doe"
"12334","john","doe"
"12334","john","doe"
"12334","john","doe"
"12334","john","doe"
"12334","john","doe"
"12334","john","doe"
"12334","john","doe"
"12334","john","doe"
"12334","john","doe"
"12334","john","doe"
"12334","john","doe"
"12334","john","doe"
"12334","john","doe"
"12334","john","doe"
"12334","john","doe"
"12334","john","doe"
"12334","john","doe"
"12334","john","doe"
"12334","john","doe"
"12334","john","doe"
"12334","john","doe"
"12334","john","doe"
"12334","john","doe"
"12334","john","doe"
"12334","john","doe"
"12334","john","doe"
"12334","john","doe"
"12334","john","doe"
"12334","john","doe"
"12334","john","doe"
"12334","john","doe"
"12334","john","doe"
"12334","john","doe"
"12334","john","doe"
"12334","john","doe"
"12334","john","doe"
"12334","john","doe"
"12334","john","doe"
"12334","john","doe"
"12334","john","doe"
"12334","john","doe"
"12334","john","doe"
"12334","john","doe"
"12334","john","doe"
"12334","john","doe"
"12334","john","doe"
"12334","john","doe"
"12334","john","doe"
"12334","john","doe"
"12334","john","doe"
"12334","john","doe"
"12334","john","doe"
"12334","john","doe"
"12334","john","doe"
"12334","john","doe"
"12334","john","doe"
"12334","john","doe"
"12334","john","doe"
"12334","john","doe"
"12334","john","doe"
"12334","john","doe"
"12334","john","doe"
"12334","john","doe"
"12334","john","doe"
"12334","john","doe"
"12334","john","doe"
"12334","john","doe"
"12334","john","doe"
"12334","john","doe"
"12334","john","doe"
"12334","john","doe"
"12334","john","doe"
"12334","john","doe"
"12334","john","doe"
"12334","john","doe"
"12334","john","doe"
"12334","john","doe"
"12334","john","doe"
"12334","john","doe"
"12334","john","doe"
"12334","john","doe"
"12334","john","doe"
"12334","john","doe"
"12334","john","doe"
"12334","john","doe"
"12334","john","doe"
"12334","john","doe"
"12334","john","doe"
"12334","john","doe"
"12334","john","doe"
"12334","john","doe"
"12334","john","doe"
"12334","john","doe"
"12334","john","doe"
"12334","john","doe"
"12334","john","doe"
"12334","john","doe"
"12334","john","doe"
"12334","john","doe"
"12334","john","doe"
"12334","john","doe"
"12334","john","doe"
"12334","john","doe"
"12334","john","doe"
"12334","john","doe"
"12334","john","doe"
"12334","john","doe"
"12334","john","doe"
"12334","john","doe"
"12334","john","doe"
"12334","john","doe"
"12334","john","doe"
"12334","john","doe"
"12334","john","doe"
"12334","john","doe"
"12334","john","doe"
"12334","john","doe"
"12334","john","doe"
"12334","john","doe"
"12334","john","doe"
"12334","john","doe"
"12334","john","doe"
"12334","john","doe"
"12334","john","doe"
"12334","john","doe"
"12334","john","doe"
"12334","john","doe"
"12334","john","doe"
"12334","john","doe"
"12334","john","doe"
"12334","john","doe"
"12334","john","doe"
"12334","john","doe"
"12334","john","doe"
"12334","john","doe"
"12334","john","doe"
"12334","john","doe"
"12334","john","doe"
"12334","john","doe"
"12334","john","doe"
"12334","john","doe"
"12334","john","doe"
"12334","john","doe"
"12334","john","doe"
"12334","john","doe"
"12334","john","doe"
"12334","john","doe"
"12334","john","doe"
"12334","john","doe"
"12334","john","doe"
"12334","john","doe"
"12334","john","doe"
"12334","john","doe"
"12334","john","doe"
"12334","john","doe"
"12334","john","doe"
"12334","john","doe"
"12334","john","doe"
"12334","john","doe"
"12334","john","doe"
"12334","john","doe"
"12334","john","doe"
"12334","john","doe"
"12334","john","doe"
"12334","john","doe"
"12334","john","doe"
"12334","john","doe"
"12334","john","doe"
"12334","john","doe"
"12334","john","doe"
"12334","john","doe"
"12334","john","doe"
"12334","john","doe"
"12334","john","doe"
"12334","john","doe"
"12334","john","doe"
"12334","john","doe"
"12334","john","doe"
"12334","john","doe"
"12334","john","doe"
"12334","john","doe"
"12334","john","doe"
"12334","john","doe"
"12334","john","doe"
"12334","john","doe"
"12334","john","doe"
"12334","john","doe"
"12334","john","doe"
"12334","john","doe"
"12334","john","doe"
"12334","john","doe"
"12334","john","doe"
"12334","john","doe"
"12334","john","doe"
"12334","john","doe"
"12334","john","doe"
"12334","john","doe"
"12334","john","doe"
"12334","john","doe"
"12334","john","doe"
"12334","john","doe"
"12334","john","doe"
"12334","john","doe"
"12334","john","doe"
"12334","john","doe"
"12334","john","doe"
"12334","john","doe"
"12334","john","doe"
"12334","john","doe"
"12334","john","doe"
"12334","john","doe"
"12334","john","doe"
"12334","john","doe"
"12334","john","doe"
"12334","john","doe"
"12334","john","doe"
"12334","john","doe"
"12334","john","doe"
"12334","john","doe"
"12334","john","doe"
"12334","john","doe"
"12334","john","doe"
"12334","john","doe"
"12334","john","doe"
"12334","john","doe"
"12334","john","doe"
"12334","john","doe"
"12334","john","doe"
"12334","john","doe"
"12334","john","doe"
"12334","john","doe"
"12334","john","doe"
"12334","john","doe"
"12334","john","doe"
"12334","john","doe"
"12334","john","doe"
"12334","john","doe"
"12334","john","doe"
"12334","john","doe"
"12334","john","doe"
"12334","john","doe"
"12334","john","doe"
"12334","john","doe"
"12334","john","doe"
"12334","john","doe"
"12334","john","doe"
"12334","john","doe"
"12334","john","doe"
"12334","john","doe"
"12334","john","doe"
"12334","john","doe"
"12334","john","doe"
"12334","john","doe"
"12334","john","doe"
"12334","john","doe"
"12334","john","doe"
"12334","john","doe"
"12334","john","doe"
"12334","john","doe"
"12334","john","doe"
"12334","john","doe"
"12334","john","doe"
"12334","john","doe"
"12334","john","doe"
"12334","john","doe"
"12334","john","doe"
"12334","john","doe"
"12334","john","doe"
"12334","john","doe"
"12334","john","doe"
"12334","john","doe"
"12334","john","doe"
"12334","john","doe"
"12334","john","doe"
"12334","john","doe"
"12334","john","doe"
"12334","john","doe"
"12334","john","doe"
"12334","john","doe"
"12334","john","doe"
"12334","john","doe"
"12334","john","doe"
"12334","john","doe"
"12334","john","doe"
"12334","john","doe"
"12334","john","doe"
"12334","john","doe"
"12334","john","doe"
"12334","john","doe"
"12334","john","doe"
"12334","john","doe"
"12334","john","doe"
"12334","john","doe"
"12334","john","doe"
"12334","john","doe"
"12334","john","doe"
"12334","john","doe"
"12334","john","doe"
"12334","john","doe"
"12334","john","doe"
"12334","john","doe"
"12334","john","doe"
"12334","john","doe"
"12334","john","doe"
"12334","john","doe"
"12334","john","doe"
"12334","john","doe"
"12334","john","doe"
"12334","john","doe"
"12334","john","doe"
"12334","john","doe"
"12334","john","doe"
"12334","john","doe"
"12334","john","doe"
"12334","john","doe"
"12334","john","doe"
"12334","john","doe"
"12334","john","doe"
"12334","john","doe"
"12334","john","doe"
"12334","john","doe"
"12334","john","doe"
"12334","john","doe"
"12334","john","doe"
"12334","john","doe"
"12334","john","doe"
"12334","john","doe"
"12334","john","doe"
"12334","john","doe"
"12334","john","doe"
"12334","john","doe"
"12334","john","doe"
"12334","john","doe"
"12334","john","doe"
"12334","john","doe"
"12334","john","doe"
"12334","john","doe"
"12334","john","doe"
"12334","john","doe"
"12334","john","doe"
"12334","john","doe"
"12334","john","doe"
"12334","john","doe"
"12334","john","doe"
"12334","john","doe"
"12334","john","doe"
"12334","john","doe"
"12334","john","doe"
"12334","john","doe"
"12334","john","doe"
"12334","john","doe"
"12334","john","doe"
"12334","john","doe"
"12334","john","doe"
"12334","john","doe"
"12334","john","doe"
"12334","john","doe"
"12334","john","doe"
"12334","john","doe"
"12334","john","doe"
"12334","john","doe"
"12334","john","doe"
"12334","john","doe"
"12334","john","doe"
"12334","john","doe"
"12334","john","doe"
"12334","john","doe"
"12334","john","doe"
"12334","john","doe"
"12334","john","doe"
"12334","john","doe"
"12334","john","doe"
"12334","john","doe"
"12334","john","doe"
"12334","john","doe"
"12334","john","doe"
"12334","john","doe"
"12334","john","doe"
"12334","john","doe"
"12334","john","doe"
"12334","john","doe"
"12334","john","doe"
"12334","john","doe"
"12334","john","doe"
"12334","john","doe"
"12334","john","doe"
"12334","john","doe"
"12334","john","doe"
"12334","john","doe"
"12334","john","doe"
"12334","john","doe"
"12334","john","doe"
"12334","john","doe"
"12334","john","doe"
"12334","john","doe"
"12334","john","doe"
"12334","john","doe"
"12334","john","doe"
"12334","john","doe"
"12334","john","doe"
"12334","john","doe"
"12334","john","doe"
"12334","john","doe"
"12334","john","doe"
"12334","john","doe"
"12334","john","doe"
"12334","john","doe"
"12334","john","doe"
"12334","john","doe"
"12334","john","doe"
"12334","john","doe"
"12334","john","doe"
"12334","john","doe"
"12334","john","doe"
"12334","john","doe"
"12334","john","doe"
"12334","john","doe"
"12334","john","doe"
"12334","john","doe"
"12334","john","doe"
"12334","john","doe"
"12334","john","doe"
"12334","john","doe"
"12334","john","doe"
"12334","john","doe"
"12334","john","doe"
"12334","john","doe"
"12334","john","doe"
"12334","john","doe"
"12334","john","doe"
"12334","john","doe"
"12334","john","doe"
"12334","john","doe"
"12334","john","doe"
"12334","john","doe"
"12334","john","doe"
"12334","john","doe"
"12334","john","doe"
"12334","john","doe"
"12334","john","doe"
"12334","john","doe"
"12334","john","doe"
"12334","john","doe"
"12334","john","doe"
"12334","john","doe"
"12334","john","doe"
"12334","john","doe"
"12334","john","doe"
"12334","john","doe"
"12334","john","doe"
"12334","john","doe"
"12334","john","doe"
"12334","john","doe"
"12334","john","doe"
"12334","john","doe"
"12334","john","doe"
"12334","john","doe"
"12334","john","doe"
"12334","john","doe"
"12334","john","doe"
"12334","john","doe"
"12334","john","doe"
"12334","john","doe"
"12334","john","doe"
"12334","john","doe"
"12334","john","doe"
"12334","john","doe"
"12334","john","doe"
"12334","john","doe"
"12334","john","doe"
"12334","john","doe"
"12334","john","doe"
"12334","john","doe"
"12334","john","doe"
"12334","john","doe"
"12334","john","doe"
"12334","john","doe"
"12334","john","doe"
"12334","john","doe"
"12334","john","doe"
"12334","john","doe"
"12334","john","doe"
"12334","john","doe"
"12334","john","doe"
"12334","john","doe"
"12334","john","doe"
"12334","john","doe"
"12334","john","doe"
"12334","john","doe"
"12334","john","doe"
"12334","john","doe"
"12334","john","doe"
"12334","john","doe"
"12334","john","doe"
"12334","john","doe"
"12334","john","doe"
"12334","john","doe"
"12334","john","doe"
"12334","john","doe"
"12334","john","doe"
"12334","john","doe"
"12334","john","doe"
"12334","john","doe"
"12334","john","doe"
"12334","john","doe"
"12334","john","doe"
"12334","john","doe"
"12334","john","doe"
"12334","john","doe"
"12334","john","doe"
"12334","john","doe"
"12334","john","doe"
"12334","john","doe"
"12334","john","doe"
"12334","john","doe"
"12334","john","doe"
"12334","john","doe"
"12334","john","doe"
"12334","john","doe"
"12334","john","doe"
"12334","john","doe"
"12334","john","doe"
"12334","john","doe"
"12334","john","doe"
"12334","john","doe"
"12334","john","doe"
"12334","john","doe"
"12334","john","doe"
"12334","john","doe"
"12334","john","doe"
"12334","john","doe"
"12334","john","doe"
"12334","john","doe"
"12334","john","doe"
"12334","john","doe"
"12334","john","doe"
"12334","john","doe"
"12334","john","doe"
"12334","john","doe"
"12334","john","doe"
"12334","john","doe"
"12334","john","doe"
"12334","john","doe"
"12334","john","doe"
"12334","john","doe"
"12334","john","doe"
"12334","john","doe"
"12334","john","doe"
"12334","john","doe"
"12334","john","doe"
"12334","john","doe"
"12334","john","doe"
"12334","john","doe"
"12334","john","doe"
"12334","john","doe"
"12334","john","doe"
"12334","john","doe"
"12334","john","doe"
"12334","john","doe"
"12334","john","doe"
"12334","john","doe"
"12334","john","doe"
"12334","john","doe"
"12334","john","doe"
"12334","john","doe"
"12334","john","doe"
"12334","john","doe"
"12334","john","doe"
"12334","john","doe"
"12334","john","doe"
"12334","john","doe"
"12334","john","doe"
"12334","john","doe"
"12334","john","doe"
"12334","john","doe"
"12334","john","doe"
"12334","john","doe"
"12334","john","doe"
"12334","john","doe"
"12334","john","doe"
"12334","john","doe"
"12334","john","doe"
"12334","john","doe"
"12334","john","doe"
"12334","john","doe"
"12334","john","doe"
"12334","john","doe"
"12334","john","doe"
"12334","john","doe"
"12334","john","doe"
"12334","john","doe"
"12334","john","doe"
"12334","john","doe"
"12334","john","doe"
"12334","john","doe"
"12334","john","doe"
"12334","john","doe"
"12334","john","doe"
"12334","john","doe"
"12334","john","doe"
"12334","john","doe"
"12334","john","doe"
"12334","john","doe"
"12334","john","doe"
"12334","john","doe"
"12334","john","doe"
"12334","john","doe"
"12334","john","doe"
"12334","john","doe"
"12334","john","doe"
"12334","john","doe"
"12334","john","doe"
"12334","john","doe"
"12334","john","doe"
"12334","john","doe"
"12334","john","doe"
"12334","john","doe"
"12334","john","doe"
"12334","john","doe"
"12334","john","doe"
"12334","john","doe"
"12334","john","doe"
"12334","john","doe"
"12334","john","doe"
"12334","john","doe"
"12334","john","doe"
"12334","john","doe"
"12334","john","doe"
"12334","john","doe"
"12334","john","doe"
"12334","john","doe"
"12334","john","doe"
"12334","john","doe"
"12334","john","doe"
"12334","john","doe"
"12334","john","doe"
"12334","john","doe"
"12334","john","doe"
"12334","john","doe"
"12334","john","doe"
"12334","john","doe"
"12334","john","doe"
"12334","john","doe"
"12334","john","doe"
"12334","john","doe"
"12334","john","doe"
"12334","john","doe"
"12334","john","doe"
"12334","john","doe"
"12334","john","doe"
"12334","john","doe"
"12334","john","doe"
"12334","john","doe"
"12334","john","doe"
"12334","john","doe"
"12334","john","doe"
"12334","john","doe"
"12334","john","doe"
"12334","john","doe"
"12334","john","doe"
"12334","john","doe"
"12334","john","doe"
"12334","john","doe"
"12334","john","doe"
"12334","john","doe"
"12334","john","doe"
"12334","john","doe"
"12334","john","doe"
"12334","john","doe"
"12334","john","doe"
"12334","john","doe"
"12334","john","doe"
"12334","john","doe"
"12334","john","doe"
"12334","john","doe"
"12334","john","doe"
"12334","john","doe"
"12334","john","doe"
"12334","john","doe"
"12334","john","doe"
"12334","john","doe"
"12334","john","doe"
"12334","john","doe"
"12334","john","doe"
"12334","john","doe"
"12334","john","doe"
"12334","john","doe"
"12334","john","doe"
"12334","john","doe"
"12334","john","doe"
"12334","john","doe"
"12334","john","doe"
"12334","john","doe"
"12334","john","doe"
"12334","john","doe"
"12334","john","doe"
"12334","john","doe"
"12334","john","doe"
"12334","john","doe"
"12334","john","doe"
"12334","john","doe"
"12334","john","doe"
"12334","john","doe"
"12334","john","doe"
"12334","john","doe"
"12334","john","doe"
"12334","john","doe"
"12334","john","doe"
"12334","john","doe"
"12334","john","doe"
"12334","john","doe"
"12334","john","doe"
"12334","john","doe"
"12334","john","doe"
"12334","john","doe"
"12334","john","doe"
"12334","john","doe"
"12334","john","doe"
"12334","john","doe"
"12334","john","doe"
"12334","john","doe"
"12334","john","doe"
"12334","john","doe"
"12334","john","doe"
"12334","john","doe"
"12334","john","doe"
"12334","john","doe"
"12334","john","doe"
"12334","john","doe"
"12334","john","doe"
"12334","john","doe"
"12334","john","doe"
"12334","john","doe"
"12334","john","doe"
"12334","john","doe"
"12334","john","doe"
"12334","john","doe"
"12334","john","doe"
"12334","john","doe"
"12334","john","doe"
"12334","john","doe"
"12334","john","doe"
"12334","john","doe"
"12334","john","doe"
"12334","john","doe"
"12334","john","doe"
"12334","john","doe"
"12334","john","doe"
"12334","john","doe"
"12334","john","doe"
"12334","john","doe"
"12334","john","doe"
"12334","john","doe"
"12334","john","doe"
"12334","john","doe"
"12334","john","doe"
"12334","john","doe"
"12334","john","doe"
"12334","john","doe"
"12334","john","doe"
"12334","john","doe"
"12334","john","doe"
"12334","john","doe"
"12334","john","doe"
"12334","john","doe"
"12334","john","doe"
"12334","john","doe"
"12334","john","doe"
"12334","john","doe"
"12334","john","doe"
"12334","john","doe"
"12334","john","doe"
"12334","john","doe"
"12334","john","doe"
"12334","john","doe"
"12334","john","doe"
"12334","john","doe"
"12334","john","doe"
"12334","john","doe"
"12334","john","doe"
"12334","john","doe"
"12334","john","doe"
"12334","john","doe"
"12334","john","doe"
"12334","john","doe"
"12334","john","doe"
"12334","john","doe"
"12334","john","doe"
"12334","john","doe"
"12334","john","doe"
"12334","john","doe"
"12334","john","doe"
"12334","john","doe"
"12334","john","doe"
"12334","john","doe"
"12334","john","doe"
"12334","john","doe"
"12334","john","doe"
"12334","john","doe"
"12334","john","doe"
"12334","john","doe"
"12334","john","doe"
"12334","john","doe"
"12334","john","doe"
"12334","john","doe"
"12334","john","doe"
"12334","john","doe"
"12334","john","doe"
"12334","john","doe"
"12334","john","doe"
"12334","john","doe"
"12334","john","doe"
"12334","john","doe"
"12334","john","doe"
"12334","john","doe"
"12334","john","doe"
"12334","john","doe"
"12334","john","doe"
"12334","john","doe"
"12334","john","doe"
"12334","john","doe"
"12334","john","doe"
"12334","john","doe"
"12334","john","doe"
"12334","john","doe"
"12334","john","doe"
"12334","john","doe"
"12334","john","doe"
"12334","john","doe"
"12334","john","doe"
"12334","john","doe"
"12334","john","doe"
"12334","john","doe"
"12334","john","doe"
"12334","john","doe"
"12334","john","doe"
"12334","john","doe"
"12334","john","doe"
"12334","john","doe"
"12334","john","doe"
"12334","john","doe"
"12334","john","doe"
"12334","john","doe"
"12334","john","doe"
"12334","john","doe"
"12334","john","doe"
"12334","john","doe"
"12334","john","doe"
"12334","john","doe"
"12334","john","doe"
"12334","john","doe"
"12334","john","doe"
"12334","john","doe"
"12334","john","doe"
"12334","john","doe"
"12334","john","doe"
"12334","john","doe"
"12334","john","doe"
"12334","john","doe"
"12334","john","doe"
"12334","john","doe"
"12334","john","doe"
"12334","john","doe"
"12334","john","doe"
"12334","john","doe"
"12334","john","doe"
"12334","john","doe"
"12334","john","doe"
"12334","john","doe"
"12334","john","doe"
"12334","john","doe"
"12334","john","doe"
"12334","john","doe"
"12334","john","doe"
"12334","john","doe"
"12334","john","doe"
"12334","john","doe"
"12334","john","doe"
"12334","john","doe"
"12334","john","doe"
"12334","john","doe"
"12334","john","doe"
"12334","john","doe"
"12334","john","doe"
"999","john","doe"
"12334","john","doe"
"12334","john","doe"
"12334","john","doe"
"12334","john","doe"
"12334","john","doe"
"12334","john","doe"
"12334","john","doe"
"12334","john","doe"
"12334","john","doe"
"12334","john","doe"
"12334","john","doe"
"12334","john","doe"
"12334","john","doe"
"12334","john","doe"
"12334","john","doe"
"12334","john","doe"
"12334","john","doe"
"12334","john","doe"
"12334","john","doe"
"12334","john","doe"
"12334","john","doe"
"12334","john","doe"
"12334","john","doe"
"12334","john","doe"
"12334","john","doe"
"12334","john","doe"
"12334","john","doe"
"12334","john","doe"
"12334","john","doe"
"12334","john","doe"
"12334","john","doe"
"12334","john","doe"
"12334","john","doe"
"12334","john","doe"
"12334","john","doe"
"12334","john","doe"
"12334","john","doe"
"12334","john","doe"
"12334","john","doe"
"12334","john","doe"
"12334","john","doe"
"12334","john","doe"
"12334","john","doe"
"12334","john","doe"
"12334","john","doe"
"12334","john","doe"
"12334","john","doe"
"12334","john","doe"
"12334","john","doe"
"12334","john","doe"
"12334","john","doe"
"12334","john","doe"
"12334","john","doe"
"12334","john","doe"
"12334","john","doe"
"12334","john","doe"
"12334","john","doe"
"12334","john","doe"
"12334","john","doe"
"12334","john","doe"
"12334","john","doe"
"12334","john","doe"
"12334","john","doe"
"12334","john","doe"
"12334","john","doe"
"12334","john","doe"
"12334","john","doe"
"12334","john","doe"
"12334","john","doe"
"12334","john","doe"
"12334","john","doe"
"12334","john","doe"
"12334","john","doe"
"12334","john","doe"
"12334","john","doe"
"12334","john","doe"
"12334","john","doe"
"12334","john","doe"
"12334","john","doe"
"12334","john","doe"
"12334","john","doe"
"12334","john","doe"
"12334","john","doe"
"12334","john","doe"
"12334","john","doe"
"12334","john","doe"
"12334","john","doe"
"12334","john","doe"
"12334","john","doe"
"12334","john","doe"
"12334","john","doe"
"12334","john","doe"
"12334","john","doe"
"12334","john","doe"
"12334","john","doe"
"12334","john","doe"
"12334","john","doe"
"12334","john","doe"
"12334","john","doe"
"12334","john","doe"
"12334","john","doe"
"12334","john","doe"
"12334","john","doe"
"12334","john","doe"
"12334","john","doe"
"12334","john","doe"
"12334","john","doe"
"12334","john","doe"
"12334","john","doe"
"12334","john","doe"
"12334","john","doe"
"12334","john","doe"
"12334","john","doe"
"12334","john","doe"
"12334","john","doe"
"12334","john","doe"
"12334","john","doe"
"12334","john","doe"
"12334","john","doe"
"12334","john","doe"
"12334","john","doe"
"12334","john","doe"
"12334","john","doe"
"12334","john","doe"
"12334","john","doe"
"12334","john","doe"
"12334","john","doe"
"12334","john","doe"
"12334","john","doe"
"12334","john","doe"
"12334","john","doe"
"12334","john","doe"
"12334","john","doe"
"12334","john","doe"
"12334","john","doe"
"12334","john","doe"
"12334","john","doe"
"12334","john","doe"
"12334","john","doe"
"12334","john","doe"
"12334","john","doe"
"12334","john","doe"
"12334","john","doe"
"12334","john","doe"
"12334","john","doe"
"12334","john","doe"
"12334","john","doe"
"12334","john","doe"
"12334","john","doe"
"12334","john","doe"
"12334","john","doe"
"12334","john","doe"
"12334","john","doe"
"12334","john","doe"
"12334","john","doe"
"12334","john","doe"
"12334","john","doe"
"12334","john","doe"
"12334","john","doe"
"12334","john","doe"
"12334","john","doe"
"12334","john","doe"
"12334","john","doe"
"12334","john","doe"
"12334","john","doe"
"12334","john","doe"
"12334","john","doe"
"12334","john","doe"
"12334","john","doe"
"12334","john","doe"
"12334","john","doe"
"12334","john","doe"
"12334","john","doe"
"12334","john","doe"
"12334","john","doe"
"12334","john","doe"
"12334","john","doe"
"12334","john","doe"
"12334","john","doe"
"12334","john","doe"
"12334","john","doe"
"12334","john","doe"
"12334","john","doe"
"12334","john","doe"
"12334","john","doe"
"12334","john","doe"
"12334","john","doe"
"12334","john","doe"
"12334","john","doe"
"12334","john","doe"
"12334","john","doe"
"12334","john","doe"
"12334","john","doe"
"12334","john","doe"
"12334","john","doe"
"12334","john","doe"
"12334","john","doe"
"12334","john","doe"
"12334","john","doe"
"12334","john","doe"
"12334","john","doe"
"12334","john","doe"
"12334","john","doe"
"12334","john","doe"
"12334","john","doe"
"12334","john","doe"
"12334","john","doe"
"12334","john","doe"
"12334","john","doe"
"12334","john","doe"
"12334","john","doe"
"12334","john","doe"
"12334","john","doe"
"12334","john","doe"
"12334","john","doe"
"12334","john","doe"
"12334","john","doe"
"12334","john","doe"
"12334","john","doe"
"12334","john","doe"
"12334","john","doe"
"12334","john","doe"
"12334","john","doe"
"12334","john","doe"
"12334","john","doe"
"12334","john","doe"
"12334","john","doe"
"12334","john","doe"
"12334","john","doe"
"12334","john","doe"
"12334","john","doe"
"12334","john","doe"
"12334","john","doe"
"12334","john","doe"
"12334","john","doe"
"12334","john","doe"
"12334","john","doe"
"12334","john","doe"
"12334","john","doe"
"12334","john","doe"
"12334","john","doe"
"12334","john","doe"
"12334","john","doe"
"12334","john","doe"
"12334","john","doe"
"12334","john","doe"
"12334","john","doe"
"12334","john","doe"
"12334","john","doe"
"12334","john","doe"
"12334","john","doe"
"12334","john","doe"
"12334","john","doe"
"12334","john","doe"
"12334","john","doe"
"12334","john","doe"
"12334","john","doe"
"12334","john","doe"
"12334","john","doe"
"12334","john","doe"
"12334","john","doe"
"12334","john","doe"
"12334","john","doe"
"12334","john","doe"
"12334","john","doe"
"12334","john","doe"
"12334","john","doe"
"12334","john","doe"
"12334","john","doe"
"12334","john","doe"
"12334","john","doe"
"12334","john","doe"
"12334","john","doe"
"12334","john","doe"
"12334","john","doe"
"12334","john","doe"
"12334","john","doe"
"12334","john","doe"
"12334","john","doe"
"12334","john","doe"
"12334","john","doe"
"12334","john","doe"
"12334","john","doe"
"12334","john","doe"
"12334","john","doe"
"12334","john","doe"
"12334","john","doe"
"12334","john","doe"
"12334","john","doe"
"12334","john","doe"
"12334","john","doe"
"12334","john","doe"
"12334","john","doe"
"12334","john","doe"
"12334","john","doe"
"12334","john","doe"
"12334","john","doe"
"12334","john","doe"
"12334","john","doe"
"12334","john","doe"
"12334","john","doe"
"12334","john","doe"
"12334","john","doe"
"12334","john","doe"
"12334","john","doe"
"12334","john","doe"
"12334","john","doe"
"12334","john","doe"
"12334","john","doe"
"12334","john","doe"
"12334","john","doe"
"12334","john","doe"
"12334","john","doe"
"12334","john","doe"
"12334","john","doe"
"12334","john","doe"
"12334","john","doe"
"12334","john","doe"
"12334","john","doe"
"12334","john","doe"
"12334","john","doe"
"12334","john","doe"
"12334","john","doe"
"12334","john","doe"
"12334","john","doe"
"12334","john","doe"
"12334","john","doe"
"12334","john","doe"
"12334","john","doe"
"12334","john","doe"
"12334","john","doe"
"12334","john","doe"
"12334","john","doe"
"12334","john","doe"
"12334","john","doe"
"12334","john","doe"
"12334","john","doe"
"12334","john","doe"
"12334","john","doe"
"12334","john","doe"
"12334","john","doe"
"12334","john","doe"
"12334","john","doe"
"12334","john","doe"
"12334","john","doe"
"12334","john","doe"
"12334","john","doe"
"12334","john","doe"
"12334","john","doe"
"12334","john","doe"
"12334","john","doe"
"12334","john","doe"
"12334","john","doe"
"12334","john","doe"
"12334","john","doe"
"12334","john","doe"
"12334","john","doe"
"12334","john","doe"
"12334","john","doe"
"12334","john","doe"
"12334","john","doe"
"12334","john","doe"
"12334","john","doe"
"12334","john","doe"
"12334","john","doe"
"12334","john","doe"
"12334","john","doe"
"12334","john","doe"
"12334","john","doe"
"12334","john","doe"
"12334","john","doe"
"12334","john","doe"
"12334","john","doe"
"12334","john","doe"
"12334","john","doe"
"12334","john","doe"
"12334","john","doe"
"12334","john","doe"
"12334","john","doe"
"12334","john","doe"
"12334","john","doe"
"12334","john","doe"
"12334","john","doe"
"12334","john","doe"
"12334","john","doe"
"12334","john","doe"
"12334","john","doe"
"12334","john","doe"
"12334","john","doe"
"12334","john","doe"
"12334","john","doe"
"12334","john","doe"
"12334","john","doe"
"12334","john","doe"
"12334","john","doe"
"12334","john","doe"
"12334","john","doe"
"12334","john","doe"
"12334","john","doe"
"12334","john","doe"
"12334","john","doe"
"12334","john","doe"
"12334","john","doe"
"12334","john","doe"
"12334","john","doe"
"12334","john","doe"
"12334","john","doe"
"12334","john","doe"
"12334","john","doe"
"12334","john","doe"
"12334","john","doe"
"12334","john","doe"
"12334","john","doe"
"12334","john","doe"
"12334","john","doe"
"12334","john","doe"
"12334","john","doe"
"12334","john","doe"
"12334","john","doe"
"12334","john","doe"
"12334","john","doe"
"12334","john","doe"
"12334","john","doe"
"12334","john","doe"
"12334","john","doe"
"12334","john","doe"
"12334","john","doe"
"12334","john","doe"
"12334","john","doe"
"12334","john","doe"
"12334","john","doe"
"12334","john","doe"
"12334","john","doe"
"12334","john","doe"
"12334","john","doe"
"12334","john","doe"
"12334","john","doe"
"12334","john","doe"
"12334","john","doe"
"12334","john","doe"
"12334","john","doe"
"12334","john","doe"
"12334","john","doe"
"12334","john","doe"
"12334","john","doe"
"12334","john","doe"
"12334","john","doe"
"12334","john","doe"
"12334","john","doe"
"12334","john","doe"
"12334","john","doe"
"12334","john","doe"
"12334","john","doe"
"12334","john","doe"
"12334","john","doe"
"12334","john","doe"
"12334","john","doe"
"12334","john","doe"
"12334","john","doe"
"12334","john","doe"
"12334","john","doe"
"12334","john","doe"
"12334","john","doe"
"12334","john","doe"
"12334","john","doe"
"12334","john","doe"
"12334","john","doe"
"12334","john","doe"
"12334","john","doe"
"12334","john","doe"
"12334","john","doe"
"12334","john","doe"
"12334","john","doe"
"12334","john","doe"
"12334","john","doe"
"12334","john","doe"
"12334","john","doe"
"12334","john","doe"
"12334","john","doe"
"12334","john","doe"
"12334","john","doe"
"12334","john","doe"
"12334","john","doe"
"12334","john","doe"
"12334","john","doe"
"12334","john","doe"
"12334","john","doe"
"12334","john","doe"
"12334","john","doe"
"12334","john","doe"
"12334","john","doe"
"12334","john","doe"
"12334","john","doe"
"12334","john","doe"
"12334","john","doe"
"12334","john","doe"
"12334","john","doe"
"12334","john","doe"
"12334","john","doe"
"12334","john","doe"
"12334","john","doe"
"12334","john","doe"
"12334","john","doe"
"12334","john","doe"
"12334","john","doe"
"12334","john","doe"
"12334","john","doe"
"12334","john","doe"
"12334","john","doe"
"12334","john","doe"
"12334","john","doe"
"12334","john","doe"
"12334","john","doe"
"12334","john","doe"
"12334","john","doe"
"12334","john","doe"
"12334","john","doe"
"12334","john","doe"
"12334","john","doe"
"12334","john","doe"
"12334","john","doe"
"12334","john","doe"
"12334","john","doe"
"12334","john","doe"
"12334","john","doe"
"12334","john","doe"
"12334","john","doe"
"12334","john","doe"
"12334","john","doe"
"12334","john","doe"
"12334","john","doe"
"12334","john","doe"
"12334","john","doe"
"12334","john","doe"
"12334","john","doe"
"12334","john","doe"
"12334","john","doe"
"12334","john","doe"
"12334","john","doe"
"12334","john","doe"
"12334","john","doe"
"12334","john","doe"
"12334","john","doe"
"12334","john","doe"
"12334","john","doe"
"12334","john","doe"
"12334","john","doe"
"12334","john","doe"
"12334","john","doe"
"12334","john","doe"
"12334","john","doe"
"12334","john","doe"
"12334","john","doe"
"12334","john","doe"
"12334","john","doe"
"12334","john","doe"
"12334","john","doe"
"12334","john","doe"
"12334","john","doe"
"12334","john","doe"
"12334","john","doe"
"12334","john","doe"
"12334","john","doe"
"12334","john","doe"
"12334","john","doe"
"12334","john","doe"
"12334","john","doe"
"12334","john","doe"
"12334","john","doe"
"12334","john","doe"
"12334","john","doe"
"12334","john","doe"
"12334","john","doe"
"12334","john","doe"
"12334","john","doe"
"12334","john","doe"
"12334","john","doe"
"12334","john","doe"
"12334","john","doe"
"12334","john","doe"
"12334","john","doe"
"12334","john","doe"
"12334","john","doe"
"12334","john","doe"
"12334","john","doe"
"12334","john","doe"
"12334","john","doe"
"12334","john","doe"
"12334","john","doe"
"12334","john","doe"
"12334","john","doe"
"12334","john","doe"
"12334","john","doe"
"12334","john","doe"
"12334","john","doe"
"12334","john","doe"
"12334","john","doe"
"12334","john","doe"
"12334","john","doe"
"12334","john","doe"
"12334","john","doe"
"12334","john","doe"
"12334","john","doe"
"12334","john","doe"
"12334","john","doe"
"12334","john","doe"
"12334","john","doe"
"12334","john","doe"
"12334","john","doe"
"12334","john","doe"
"12334","john","doe"
"12334","john","doe"
"12334","john","doe"
"12334","john","doe"
"12334","john","doe"
"12334","john","doe"
"12334","john","doe"
"12334","john","doe"
"12334","john","doe"
"12334","john","doe"
"12334","john","doe"
"12334","john","doe"
"12334","john","doe"
"12334","john","doe"
"12334","john","doe"
"12334","john","doe"
"12334","john","doe"
"12334","john","doe"
"12334","john","doe"
"12334","john","doe"
"12334","john","doe"
"12334","john","doe"
"12334","john","doe"
"12334","john","doe"
"12334","john","doe"
"12334","john","doe"
"12334","john","doe"
"12334","john","doe"
"12334","john","doe"
"12334","john","doe"
"12334","john","doe"
"12334","john","doe"
"12334","john","doe"
"12334","john","doe"
"12334","john","doe"
"12334","john","doe"
"12334","john","doe"
"12334","john","doe"
"12334","john","doe"
"12334","john","doe"
"12334","john","doe"
"12334","john","doe"
"12334","john","doe"
"12334","john","doe"
"12334","john","doe"
"12334","john","doe"
"12334","john","doe"
"12334","john","doe"
"12334","john","doe"
"12334","john","doe"
"12334","john","doe"
"12334","john","doe"
"12334","john","doe"
"12334","john","doe"
"12334","john","doe"
"12334","john","doe"
"12334","john","doe"
"12334","john","doe"
"12334","john","doe"
"12334","john","doe"
"12334","john","doe"
"12334","john","doe"
"12334","john","doe"
"12334","john","doe"
"12334","john","doe"
"12334","john","doe"
"12334","john","doe"
"12334","john","doe"
"12334","john","doe"
"12334","john","doe"
"12334","john","doe"
"12334","john","doe"
"12334","john","doe"
"12334","john","doe"
"12334","john","doe"
"12334","john","doe"
"12334","john","doe"
"12334","john","doe"
"12334","john","doe"
"12334","john","doe"
"12334","john","doe"
"12334","john","doe"
"12334","john","doe"
"12334","john","doe"
"12334","john","doe"
"12334","john","doe"
"12334","john","doe"
"12334","john","doe"
"12334","john","doe"
"12334","john","doe"
"12334","john","doe"
"12334","john","doe"
"12334","john","doe"
"12334","john","doe"
"12334","john","doe"
"12334","john","doe"
"12334","john","doe"
"12334","john","doe"
"12334","john","doe"
"12334","john","doe"
"12334","john","doe"
"12334","john","doe"
"12334","john","doe"
"12334","john","doe"
"12334","john","doe"
"12334","john","doe"
"12334","john","doe"
"12334","john","doe"
"12334","john","doe"
"12334","john","doe"
"12334","john","doe"
"12334","john","doe"
"12334","john","doe"
"12334","john","doe"
"12334","john","doe"
"12334","john","doe"
"12334","john","doe"
"12334","john","doe"
"12334","john","doe"
"12334","john","doe"
"12334","john","doe"
"12334","john","doe"
"12334","john","doe"
"12334","john","doe"
"12334","john","doe"
"12334","john","doe"
"12334","john","doe"
"12334","john","doe"
"12334","john","doe"
"12334","john","doe"
"12334","john","doe"
"12334","john","doe"
"12334","john","doe"
"12334","john","doe"
"12334","john","doe"
"12334","john","doe"
"12334","john","doe"
"12334","john","doe"
"12334","john","doe"
"12334","john","doe"
"12334","john","doe"
"12334","john","doe"
"12334","john","doe"
"12334","john","doe"
"12334","john","doe"
"12334","john","doe"
"12334","john","doe"
"12334","john","doe"
"12334","john","doe"
"12334","john","doe"
"12334","john","doe"
"12334","john","doe"
"12334","john","doe"
"12334","john","doe"
"12334","john","doe"
"12334","john","doe"
"12334","john","doe"
"12334","john","doe"
"12334","john","doe"
"12334","john","doe"
"12334","john","doe"
"12334","john","doe"
"12334","john","doe"
"12334","john","doe"
"12334","john","doe"
"12334","john","doe"
"12334","john","doe"
"12334","john","doe"
"12334","john","doe"
"12334","john","doe"
"12334","john","doe"
"12334","john","doe"
"12334","john","doe"
"12334","john","doe"
"12334","john","doe"
"12334","john","doe"
"12334","john","doe"
"12334","john","doe"
"12334","john","doe"
"12334","john","doe"
"12334","john","doe"
"12334","john","doe"
"12334","john","doe"
"12334","john","doe"
"12334","john","doe"
"12334","john","doe"
"12334","john","doe"
"12334","john","doe"
"12334","john","doe"
"12334","john","doe"
"12334","john","doe"
"12334","john","doe"
"12334","john","doe"
"12334","john","doe"
"12334","john","doe"
"12334","john","doe"
"12334","john","doe"
"12334","john","doe"
"12334","john","doe"
"12334","john","doe"
"12334","john","doe"
"12334","john","doe"
"12334","john","doe"
"12334","john","doe"
"12334","john","doe"
"12334","john","doe"
"12334","john","doe"
"12334","john","doe"
"12334","john","doe"
"12334","john","doe"
"12334","john","doe"
"12334","john","doe"
"12334","john","doe"
"12334","john","doe"
"12334","john","doe"
"12334","john","doe"
"12334","john","doe"
"12334","john","doe"
"12334","john","doe"
"12334","john","doe"
"12334","john","doe"
"12334","john","doe"
"12334","john","doe"
"12334","john","doe"
"12334","john","doe"
"12334","john","doe"
"12334","john","doe"
"12334","john","doe"
"12334","john","doe"
"12334","john","doe"
"12334","john","doe"
"12334","john","doe"
"12334","john","doe"
"12334","john","doe"
"12334","john","doe"
"12334","john","doe"
"12334","john","doe"
"12334","john","doe"
"12334","john","doe"
"12334","john","doe"
"12334","john","doe"
"12334","john","doe"
"12334","john","doe"
"12334","john","doe"
"12334","john","doe"
"12334","john","doe"
"12334","john","doe"
"12334","john","doe"
"12334","john","doe"
"12334","john","doe"
"12334","john","doe"
"12334","john","doe"
"12334","john","doe"
"12334","john","doe"
"12334","john","doe"
"12334","john","doe"
"12334","john","doe"
"12334","john","doe"
"12334","john","doe"
"12334","john","doe"
"12334","john","doe"
"12334","john","doe"
"12334","john","doe"
"12334","john","doe"
"12334","john","doe"
"12334","john","doe"
"12334","john","doe"
"12334","john","doe"
"12334","john","doe"
"12334","john","doe"
"12334","john","doe"
"12334","john","doe"
"12334","john","doe"
"12334","john","doe"
"12334","john","doe"
"12334","john","doe"
"12334","john","doe"
"12334","john","doe"
"12334","john","doe"
"12334","john","doe"
"12334","john","doe"
"12334","john","doe"
"12334","john","doe"
"12334","john","doe"
"12334","john","doe"
"12334","john","doe"
"12334","john","doe"
"12334","john","doe"
"12334","john","doe"
"12334","john","doe"
"12334","john","doe"
"12334","john","doe"
"12334","john","doe"
"12334","john","doe"
"12334","john","doe"
"12334","john","doe"
"12334","john","doe"
"12334","john","doe"
"12334","john","doe"
"12334","john","doe"
"12334","john","doe"
"12334","john","doe"
"12334","john","doe"
"12334","john","doe"
"12334","john","doe"
"12334","john","doe"
"12334","john","doe"
"12334","john","doe"
"12334","john","doe"
"12334","john","doe"
"12334","john","doe"
"12334","john","doe"
"12334","john","doe"
"12334","john","doe"
"12334","john","doe"
"12334","john","doe"
"12334","john","doe"
"12334","john","doe"
"12334","john","doe"
"12334","john","doe"
"12334","john","doe"
"12334","john","doe"
"12334","john","doe"
"12334","john","doe"
"12334","john","doe"
"12334","john","doe"
"12334","john","doe"
"12334","john","doe"
"12334","john","doe"
"12334","john","doe"
"12334","john","doe"
"12334","john","doe"
"12334","john","doe"
"12334","john","doe"
"12334","john","doe"
"12334","john","doe"
"12334","john","doe"
"12334","john","doe"
"12334","john","doe"
"12334","john","doe"
"12334","john","doe"
"12334","john","doe"
"12334","john","doe"
"12334","john","doe"
"12334","john","doe"
"12334","john","doe"
"12334","john","doe"
"12334","john","doe"
"12334","john","doe"
"12334","john","doe"
"12334","john","doe"
"12334","john","doe"
"12334","john","doe"
"12334","john","doe"
"12334","john","doe"
"12334","john","doe"
"12334","john","doe"
"12334","john","doe"
"12334","john","doe"
"12334","john","doe"
"12334","john","doe"
"12334","john","doe"
"12334","john","doe"
"12334","john","doe"
"12334","john","doe"
"12334","john","doe"
"12334","john","doe"
"12334","john","doe"
"12334","john","doe"
"12334","john","doe"
"12334","john","doe"
"12334","john","doe"
"12334","john","doe"
"12334","john","doe"
"99999","john","doe"
"12334","john","doe"
"12334","john","doe"
"12334","john","doe"
"12334","john","doe"
"12334","john","doe"
"12334","john","doe"
"12334","john","doe"
"12334","john","doe"
"99999","john","doe"
"12334","john","doe"
"12334","john","doe"
"12334","john","doe"
"12334","john","doe"
"12334","john","doe"
"12334","john","doe"
"12334","john","doe"
"99999","john","doe"
"12334","john","doe"
"12334","john","doe"
"12334","john","doe"
"12334","john","doe"
"12334","john","doe"
"12334","john","doe"
"12334","john","doe"
"12334","john","doe"
"12334","john","doe"
"12334","john","doe"
"12334","john","doe"
"12334","john","doe"
"12334","john","doe"
"999","john","doe"
"12334","john","doe"
"99999","john","doe"